Empirical,Analytical,n,RunTime
0.9999999840279324,1.0,1,0.047775983810424805
1.414216068358269,1.4142135623730951,2,0.08599615097045898
1.7319921946803227,1.7320508075688772,3,0.2440478801727295
1.9987533364004768,2.0,4,10.115024089813232
2.2592869182113935,2.23606797749979,5,195.79018664360046
