Analytical,Empirical,RunTime,n
1.0,0.9999998146068063,0.05225491523742676,1
1.4142135623730951,1.4142161292547906,0.053005218505859375,2
1.7320508075688772,1.731983628573628,0.11097502708435059,3
2.0,1.9982468174504167,0.5428726673126221,4
2.23606797749979,2.2576990736627174,5.402974843978882,5
