Analytical,Empirical,RunTime,n
1.0,0.9999997317790985,0.10893487930297852,1
1.4142135623730951,1.414216160774231,0.15932607650756836,2
1.7320508075688772,1.7319859266281128,0.28775501251220703,3
2.0,1.9982419312000275,1.2263710498809814,4
2.23606797749979,2.2576975151896477,14.540414094924927,5
