Analytical,Empirical,RunTime,n
1.0,0.9999998052139895,0.07314300537109375,1
1.4142135623730951,1.4142161083935552,0.10117197036743164,2
1.7320508075688772,1.7319836372379933,0.21009516716003418,3
2.0,1.9982468104659583,0.9336152076721191,4
