Analytical,Empirical,RunTime,n
1.0,0.9999998146068063,0.06437420845031738,1
1.4142135623730951,1.4142161292547906,0.07173395156860352,2
1.7320508075688772,1.731983628573628,0.12332487106323242,3
2.0,1.9982468174504167,0.5665581226348877,4
2.23606797749979,2.2576990736627174,4.9402549266815186,5
